requirement_id,category,requirement,priority,owning_phases,planned_source,planned_tests,planned_docs,evidence,status,notes
USR-001,user,Clone and audit legacy FoodOrder and destination FoodOrderV1; all final changes go to FoodOrderV1.,mandatory,00|02|16,audit/phase-00-workspace.md,n/a,reports/phases/PHASE_00_report.md,see reports/phases + audit/evidence-ledger.csv,VERIFIED,
USR-002,user,Revise and complete the Capacitor JavaScript/TypeScript conversion.,mandatory,02|04|06|13,src/** (Capacitor/Vite/React app),npm run validate,audit/foodorderv1-current-state.md,see reports/phases + audit/evidence-ledger.csv,VERIFIED,
USR-003,user,Revise and complete migration from React Native.,mandatory,02|04|06|08|13,src/** (no react-native remnants),npm run typecheck + build,audit/legacy-foodorder-map.md,see reports/phases + audit/evidence-ledger.csv,VERIFIED,
USR-004,user,Plan and implement the full product from A to Z based on verified business evidence.,mandatory,03|05|08|09|10,src/pages/** src/services/** src/lib/**,tests/**,product/feature-backlog.md,see reports/phases + audit/evidence-ledger.csv,VERIFIED,
USR-005,user,"Upgrade package.json and all packages, targeting TypeScript 7.0.2 only after official verification.",mandatory,05|06,package.json package-lock.json,npm run validate,audit/dependency-verification.md,see reports/phases + audit/evidence-ledger.csv,VERIFIED,TS 7.0.2 primary + 6.0.2 fallback per audit/dependency-verification.md
USR-006,user,Create and revise every applicable system document.,mandatory,05|14,product/ architecture/ operations/ knowledge/,npm run knowledge:validate,operations/documentation-inventory.md,see reports/phases + audit/evidence-ledger.csv,VERIFIED,
USR-007,user,Apply the attached AI-native Engineering Knowledge and Delivery Operating System.,mandatory,01|05|14,.ai/ scripts/knowledge/,npm run knowledge:validate + benchmark,knowledge/,see reports/phases + audit/evidence-ledger.csv,VERIFIED,
USR-008,user,Copy authorized environment configuration safely without committing secrets.,mandatory,05|06|11,.env (untracked) .env.example src/config/env.ts,trivy secret scan,audit/security-review.md,see reports/phases + audit/evidence-ledger.csv,VERIFIED,
USR-009,user,Build Android and generate an installable APK.,mandatory,05|13|15|16,android/ (generated) capacitor.config.ts,gradlew assembleDebug,operations/release-plan.md,see reports/phases + audit/evidence-ledger.csv,VERIFIED,
USR-010,user,Implement every required feature and eliminate incomplete integrations.,mandatory,03|05|08|09|10,src/pages/** src/services/**,tests/** + e2e,product/feature-backlog.md,see reports/phases + audit/evidence-ledger.csv,VERIFIED,
USR-011,user,Replicate every applicable NextRanger engineering rule in Capacitor-equivalent form.,mandatory,02|05|06,eslint.config.js tsconfig.app.json src structure,npm run lint,audit/nextranger-rule-inventory.md,see reports/phases + audit/evidence-ledger.csv,VERIFIED,
USR-012,user,"Add unit, component, integration, emulator, E2E, accessibility, visual, performance, and native tests as applicable.",mandatory,05|12,tests/domain tests/services tests/e2e,npm run test:coverage + test:e2e,operations/test-matrix.md,see reports/phases + audit/evidence-ledger.csv,VERIFIED,
USR-013,user,"Secure and harden the application, repository, CI, Firebase, native shell, and release process.",mandatory,04|06|07|11|12|13|15,firestore.rules .github/workflows android manifest,npm audit + trivy + rules review,audit/security-review.md,see reports/phases + audit/evidence-ledger.csv,VERIFIED,
USR-014,user,Connect production functionality to Firebase consistently with legacy behavior and improved contracts.,mandatory,02|04|07|08|09,src/services/firebaseServices.ts firestore.rules,tests + manual smoke,architecture/sharing-design.md,see reports/phases + audit/evidence-ledger.csv,VERIFIED,
USR-015,user,"Scan codebase, history, dependencies, configuration, environment handling, and release artifacts for security exposure.",mandatory,02|11|16,worktree + history scan,"trivy fs --scanners vuln,secret,misconfig",audit/security-review.md,see reports/phases + audit/evidence-ledger.csv,VERIFIED,
USR-016,user,Implement collaborative bucket sharing across users and devices.,mandatory,03|04|09,"src/lib/sharing.ts src/services/*Services.ts src/pages/Bucket{Share,Collaborate}Page.tsx src/pages/JoinBucketPage.tsx",tests/domain/sharing.test.ts tests/services/sharingLocal.test.ts,architecture/sharing-design.md,see reports/phases + audit/evidence-ledger.csv,VERIFIED,
USR-017,user,Implement concurrency-safe contribution aggregation for simultaneous updates.,mandatory,04|09|12,src/lib/sharing.ts (applyContributionMutation) firebaseServices.setContribution transaction,tests/domain/sharing.test.ts (concurrency/idempotency),architecture/sharing-design.md,see reports/phases + audit/evidence-ledger.csv,VERIFIED,
USR-018,user,"Brainstorm, prioritize, plan, and implement justified additional product and engineering improvements.",mandatory,03|05|10,"duplicate bucket, data export, account deletion, guest language toggle",tests + manual,product/feature-backlog.md#additional,see reports/phases + audit/evidence-ledger.csv,VERIFIED,
USR-019,user,"Commit, push, and create a GitHub release containing the APK and checksum.",mandatory,13|15|16,git tag vX + gh release create with APK+sha256,checksum verification,operations/release-plan.md,see reports/phases + audit/evidence-ledger.csv,VERIFIED,
USR-020,user,Do not begin coding until the entire prompt has been decomposed and planned with traceability.,mandatory,00|01|02|03|04|05,traceability/requirements.csv reports/phases/,n/a,00-05 phase reports,see reports/phases + audit/evidence-ledger.csv,VERIFIED,
NR-001,nextranger,Architecture map is source of truth — Adapt module-first boundaries to Vite/Capacitor.,mandatory,02|05|06,eslint.config.js tsconfig.app.json src/ structure + services/platform wrappers,npm run lint (max-warnings 0) + typecheck,audit/nextranger-rule-inventory.md,see reports/phases + audit/evidence-ledger.csv,VERIFIED,
NR-002,nextranger,Presentational components are TSX-only — Render precomputed props; no business logic or data access.,mandatory,02|05|06,eslint.config.js tsconfig.app.json src/ structure + services/platform wrappers,npm run lint (max-warnings 0) + typecheck,audit/nextranger-rule-inventory.md,see reports/phases + audit/evidence-ledger.csv,VERIFIED,
NR-003,nextranger,No hooks in presentational components — Hooks belong to hooks/containers.,mandatory,02|05|06,eslint.config.js tsconfig.app.json src/ structure + services/platform wrappers,npm run lint (max-warnings 0) + typecheck,audit/nextranger-rule-inventory.md,see reports/phases + audit/evidence-ledger.csv,VERIFIED,
NR-004,nextranger,No inline declarations — Move unstable values to constants/helpers/variants.,mandatory,02|05|06,eslint.config.js tsconfig.app.json src/ structure + services/platform wrappers,npm run lint (max-warnings 0) + typecheck,audit/nextranger-rule-inventory.md,see reports/phases + audit/evidence-ledger.csv,VERIFIED,
NR-005,nextranger,No TypeScript enum keyword — Use `as const` objects and derived types.,mandatory,02|05|06,eslint.config.js tsconfig.app.json src/ structure + services/platform wrappers,npm run lint (max-warnings 0) + typecheck,audit/nextranger-rule-inventory.md,see reports/phases + audit/evidence-ledger.csv,VERIFIED,
NR-006,nextranger,"No magic strings — Centralize routes, keys, paths, events, IDs, and message keys.",mandatory,02|05|06,eslint.config.js tsconfig.app.json src/ structure + services/platform wrappers,npm run lint (max-warnings 0) + typecheck,audit/nextranger-rule-inventory.md,see reports/phases + audit/evidence-ledger.csv,VERIFIED,
NR-007,nextranger,"No raw third-party imports outside wrappers — Create one owner wrapper for Firebase, Capacitor, query, validation, storage, browser, logging, and UI primitives.",mandatory,02|05|06,eslint.config.js tsconfig.app.json src/ structure + services/platform wrappers,npm run lint (max-warnings 0) + typecheck,audit/nextranger-rule-inventory.md,see reports/phases + audit/evidence-ledger.csv,VERIFIED,
NR-008,nextranger,No cross-module deep imports — Import only from module public surfaces.,mandatory,02|05|06,eslint.config.js tsconfig.app.json src/ structure + services/platform wrappers,npm run lint (max-warnings 0) + typecheck,audit/nextranger-rule-inventory.md,see reports/phases + audit/evidence-ledger.csv,VERIFIED,
NR-009,nextranger,No server state in Zustand — Use query cache for Firebase server state.,mandatory,02|05|06,eslint.config.js tsconfig.app.json src/ structure + services/platform wrappers,npm run lint (max-warnings 0) + typecheck,audit/nextranger-rule-inventory.md,see reports/phases + audit/evidence-ledger.csv,VERIFIED,
NR-010,nextranger,"No direct browser APIs outside wrappers — Wrap window, document, storage, matchMedia, URL opening, clipboard, and connectivity.",mandatory,02|05|06,eslint.config.js tsconfig.app.json src/ structure + services/platform wrappers,npm run lint (max-warnings 0) + typecheck,audit/nextranger-rule-inventory.md,see reports/phases + audit/evidence-ledger.csv,VERIFIED,
NR-011,nextranger,No raw environment reads — Use validated public/runtime environment modules.,mandatory,02|05|06,eslint.config.js tsconfig.app.json src/ structure + services/platform wrappers,npm run lint (max-warnings 0) + typecheck,audit/nextranger-rule-inventory.md,see reports/phases + audit/evidence-ledger.csv,VERIFIED,
NR-012,nextranger,No raw user-facing copy — Use English and Arabic message catalogs.,mandatory,02|05|06,eslint.config.js tsconfig.app.json src/ structure + services/platform wrappers,npm run lint (max-warnings 0) + typecheck,audit/nextranger-rule-inventory.md,see reports/phases + audit/evidence-ledger.csv,VERIFIED,
NR-013,nextranger,"No raw className outside approved design layer — Use tokens, variants, and UI primitives.",mandatory,02|05|06,eslint.config.js tsconfig.app.json src/ structure + services/platform wrappers,npm run lint (max-warnings 0) + typecheck,audit/nextranger-rule-inventory.md,see reports/phases + audit/evidence-ledger.csv,VERIFIED,
NR-014,nextranger,"No any, non-null assertion, TS suppression, or undocumented disable — Enforce strict typing and exception records.",mandatory,02|05|06,eslint.config.js tsconfig.app.json src/ structure + services/platform wrappers,npm run lint (max-warnings 0) + typecheck,audit/nextranger-rule-inventory.md,see reports/phases + audit/evidence-ledger.csv,VERIFIED,
NR-015,nextranger,Query keys from builders — Centralize query and mutation keys.,mandatory,02|05|06,eslint.config.js tsconfig.app.json src/ structure + services/platform wrappers,npm run lint (max-warnings 0) + typecheck,audit/nextranger-rule-inventory.md,see reports/phases + audit/evidence-ledger.csv,VERIFIED,
NR-016,nextranger,Endpoints and Firebase paths are constants — No ad hoc path assembly.,mandatory,02|05|06,eslint.config.js tsconfig.app.json src/ structure + services/platform wrappers,npm run lint (max-warnings 0) + typecheck,audit/nextranger-rule-inventory.md,see reports/phases + audit/evidence-ledger.csv,VERIFIED,
NR-017,nextranger,Errors normalize to safe message keys — Never expose raw provider internals to users.,mandatory,02|05|06,eslint.config.js tsconfig.app.json src/ structure + services/platform wrappers,npm run lint (max-warnings 0) + typecheck,audit/nextranger-rule-inventory.md,see reports/phases + audit/evidence-ledger.csv,VERIFIED,
NR-018,nextranger,Security configuration is baseline — Adapt CSP/headers to hosting and WebView restrictions.,mandatory,02|05|06,eslint.config.js tsconfig.app.json src/ structure + services/platform wrappers,npm run lint (max-warnings 0) + typecheck,audit/nextranger-rule-inventory.md,see reports/phases + audit/evidence-ledger.csv,PARTIAL,CSP not applicable to file-served WebView; https scheme + minimal permissions applied (audit/nextranger-rule-inventory.md)
NR-019,nextranger,TDD required — Write failing behavior tests before implementation when practical.,mandatory,02|05|06,eslint.config.js tsconfig.app.json src/ structure + services/platform wrappers,npm run lint (max-warnings 0) + typecheck,audit/nextranger-rule-inventory.md,see reports/phases + audit/evidence-ledger.csv,VERIFIED,
NR-020,nextranger,All gates pass before handoff — CI verifies rather than discovers preventable failures.,mandatory,02|05|06,eslint.config.js tsconfig.app.json src/ structure + services/platform wrappers,npm run lint (max-warnings 0) + typecheck,audit/nextranger-rule-inventory.md,see reports/phases + audit/evidence-ledger.csv,VERIFIED,
NR-021,nextranger,Deterministic import ordering — Apply import-x and project groups.,mandatory,02|05|06,eslint.config.js tsconfig.app.json src/ structure + services/platform wrappers,npm run lint (max-warnings 0) + typecheck,audit/nextranger-rule-inventory.md,see reports/phases + audit/evidence-ledger.csv,VERIFIED,
NR-022,nextranger,Unused imports prohibited — Use lint automation.,mandatory,02|05|06,eslint.config.js tsconfig.app.json src/ structure + services/platform wrappers,npm run lint (max-warnings 0) + typecheck,audit/nextranger-rule-inventory.md,see reports/phases + audit/evidence-ledger.csv,VERIFIED,
NR-023,nextranger,Promise correctness — No floating or mishandled promises.,mandatory,02|05|06,eslint.config.js tsconfig.app.json src/ structure + services/platform wrappers,npm run lint (max-warnings 0) + typecheck,audit/nextranger-rule-inventory.md,see reports/phases + audit/evidence-ledger.csv,VERIFIED,
NR-024,nextranger,Regex safety — Review complexity and denial-of-service potential.,mandatory,02|05|06,eslint.config.js tsconfig.app.json src/ structure + services/platform wrappers,npm run lint (max-warnings 0) + typecheck,audit/nextranger-rule-inventory.md,see reports/phases + audit/evidence-ledger.csv,VERIFIED,
NR-025,nextranger,Complexity budgets — Use SonarJS and refactor high-complexity owners.,mandatory,02|05|06,eslint.config.js tsconfig.app.json src/ structure + services/platform wrappers,npm run lint (max-warnings 0) + typecheck,audit/nextranger-rule-inventory.md,see reports/phases + audit/evidence-ledger.csv,VERIFIED,
NR-026,nextranger,Security lint findings block — Use security plugin with reviewed exceptions only.,mandatory,02|05|06,eslint.config.js tsconfig.app.json src/ structure + services/platform wrappers,npm run lint (max-warnings 0) + typecheck,audit/nextranger-rule-inventory.md,see reports/phases + audit/evidence-ledger.csv,VERIFIED,
NR-027,nextranger,React hooks correctness — Enforce rules and compiler-compatible patterns.,mandatory,02|05|06,eslint.config.js tsconfig.app.json src/ structure + services/platform wrappers,npm run lint (max-warnings 0) + typecheck,audit/nextranger-rule-inventory.md,see reports/phases + audit/evidence-ledger.csv,VERIFIED,
NR-028,nextranger,Accessibility lint — Use jsx-a11y and runtime checks.,mandatory,02|05|06,eslint.config.js tsconfig.app.json src/ structure + services/platform wrappers,npm run lint (max-warnings 0) + typecheck,audit/nextranger-rule-inventory.md,see reports/phases + audit/evidence-ledger.csv,VERIFIED,
NR-029,nextranger,Playwright lint — Prevent brittle or skipped E2E tests.,mandatory,02|05|06,eslint.config.js tsconfig.app.json src/ structure + services/platform wrappers,npm run lint (max-warnings 0) + typecheck,audit/nextranger-rule-inventory.md,see reports/phases + audit/evidence-ledger.csv,PARTIAL,Playwright lint plugin not wired; single stable e2e spec reviewed manually
NR-030,nextranger,Testing Library lint — Enforce user-centric tests.,mandatory,02|05|06,eslint.config.js tsconfig.app.json src/ structure + services/platform wrappers,npm run lint (max-warnings 0) + typecheck,audit/nextranger-rule-inventory.md,see reports/phases + audit/evidence-ledger.csv,PARTIAL,Testing-library lint plugin not wired; suites follow user-centric patterns
NR-031,nextranger,TanStack Query lint — Enforce stable query usage if Query is adopted.,mandatory,02|05|06,eslint.config.js tsconfig.app.json src/ structure + services/platform wrappers,npm run lint (max-warnings 0) + typecheck,audit/nextranger-rule-inventory.md,see reports/phases + audit/evidence-ledger.csv,DECIDED,NOT APPLICABLE: TanStack Query not adopted (documented adaptation)
NR-032,nextranger,Dead-code detection — Use Knip or equivalent.,mandatory,02|05|06,eslint.config.js tsconfig.app.json src/ structure + services/platform wrappers,npm run lint (max-warnings 0) + typecheck,audit/nextranger-rule-inventory.md,see reports/phases + audit/evidence-ledger.csv,PARTIAL,Knip not wired; noUnusedLocals + review cover the small codebase (backlog)
NR-033,nextranger,Circular dependency detection — Use Madge or equivalent.,mandatory,02|05|06,eslint.config.js tsconfig.app.json src/ structure + services/platform wrappers,npm run lint (max-warnings 0) + typecheck,audit/nextranger-rule-inventory.md,see reports/phases + audit/evidence-ledger.csv,PARTIAL,Madge not wired (backlog); flat import graph reviewed
NR-034,nextranger,Formatting — Use Prettier with CI check.,mandatory,02|05|06,eslint.config.js tsconfig.app.json src/ structure + services/platform wrappers,npm run lint (max-warnings 0) + typecheck,audit/nextranger-rule-inventory.md,see reports/phases + audit/evidence-ledger.csv,VERIFIED,
NR-035,nextranger,Conventional commits — Use commitlint.,mandatory,02|05|06,eslint.config.js tsconfig.app.json src/ structure + services/platform wrappers,npm run lint (max-warnings 0) + typecheck,audit/nextranger-rule-inventory.md,see reports/phases + audit/evidence-ledger.csv,PARTIAL,"Conventional commit style used; commitlint tooling deferred (solo repo, documented deviation)"
NR-036,nextranger,Pre-commit hooks — Run targeted fast checks.,mandatory,02|05|06,eslint.config.js tsconfig.app.json src/ structure + services/platform wrappers,npm run lint (max-warnings 0) + typecheck,audit/nextranger-rule-inventory.md,see reports/phases + audit/evidence-ledger.csv,PARTIAL,Husky pre-commit deferred; CI enforces all gates (documented deviation)
NR-037,nextranger,Pre-push hooks — Run broader validation without making local development unusable.,mandatory,02|05|06,eslint.config.js tsconfig.app.json src/ structure + services/platform wrappers,npm run lint (max-warnings 0) + typecheck,audit/nextranger-rule-inventory.md,see reports/phases + audit/evidence-ledger.csv,PARTIAL,Pre-push hooks deferred; CI enforces all gates (documented deviation)
NR-038,nextranger,Dependency audit — Run npm audit and compatibility review.,mandatory,02|05|06,eslint.config.js tsconfig.app.json src/ structure + services/platform wrappers,npm run lint (max-warnings 0) + typecheck,audit/nextranger-rule-inventory.md,see reports/phases + audit/evidence-ledger.csv,VERIFIED,
NR-039,nextranger,Secret scan — Run Gitleaks/Trivy against worktree and history.,mandatory,02|05|06,eslint.config.js tsconfig.app.json src/ structure + services/platform wrappers,npm run lint (max-warnings 0) + typecheck,audit/nextranger-rule-inventory.md,see reports/phases + audit/evidence-ledger.csv,VERIFIED,Gitleaks unavailable; Trivy secret scanner used (0 findings)
NR-040,nextranger,"Misconfiguration scan — Scan repository, Docker, CI, Firebase, and Android files.",mandatory,02|05|06,eslint.config.js tsconfig.app.json src/ structure + services/platform wrappers,npm run lint (max-warnings 0) + typecheck,audit/nextranger-rule-inventory.md,see reports/phases + audit/evidence-ledger.csv,VERIFIED,
NR-041,nextranger,License review — Inventory licenses and unacceptable restrictions.,mandatory,02|05|06,eslint.config.js tsconfig.app.json src/ structure + services/platform wrappers,npm run lint (max-warnings 0) + typecheck,audit/nextranger-rule-inventory.md,see reports/phases + audit/evidence-ledger.csv,PARTIAL,License inventory not automated; all deps MIT/Apache-family (spot-checked)
NR-042,nextranger,Bundle budgets — Set and enforce web/native asset size budgets.,mandatory,02|05|06,eslint.config.js tsconfig.app.json src/ structure + services/platform wrappers,npm run lint (max-warnings 0) + typecheck,audit/nextranger-rule-inventory.md,see reports/phases + audit/evidence-ledger.csv,PARTIAL,chunkSizeWarningLimit budget in vite config; formal budget automation backlog
NR-043,nextranger,Source-map policy — Define private/public source-map handling.,mandatory,02|05|06,eslint.config.js tsconfig.app.json src/ structure + services/platform wrappers,npm run lint (max-warnings 0) + typecheck,audit/nextranger-rule-inventory.md,see reports/phases + audit/evidence-ledger.csv,VERIFIED,Sourcemaps generated for private debugging; not referenced publicly
NR-044,nextranger,CSP adaptation — Apply hosting CSP where feasible and WebView navigation restrictions natively.,mandatory,02|05|06,eslint.config.js tsconfig.app.json src/ structure + services/platform wrappers,npm run lint (max-warnings 0) + typecheck,audit/nextranger-rule-inventory.md,see reports/phases + audit/evidence-ledger.csv,VERIFIED,
NR-045,nextranger,WebView navigation restrictions — Block arbitrary origins and unsafe schemes.,mandatory,02|05|06,eslint.config.js tsconfig.app.json src/ structure + services/platform wrappers,npm run lint (max-warnings 0) + typecheck,audit/nextranger-rule-inventory.md,see reports/phases + audit/evidence-ledger.csv,VERIFIED,
NR-046,nextranger,Native permission minimization — Request only necessary Android/iOS permissions.,mandatory,02|05|06,eslint.config.js tsconfig.app.json src/ structure + services/platform wrappers,npm run lint (max-warnings 0) + typecheck,audit/nextranger-rule-inventory.md,see reports/phases + audit/evidence-ledger.csv,VERIFIED,
NR-047,nextranger,Safe external URL handling — Allow-list schemes/hosts and use platform wrappers.,mandatory,02|05|06,eslint.config.js tsconfig.app.json src/ structure + services/platform wrappers,npm run lint (max-warnings 0) + typecheck,audit/nextranger-rule-inventory.md,see reports/phases + audit/evidence-ledger.csv,VERIFIED,
FEAT-001,feature,Authentication and session lifecycle,mandatory,03|04|05|08|09|10|12,"src/services/localServices.ts src/services/firebaseServices.ts src/pages/{Login,Register,ForgotPassword}Page.tsx",tests/services/localServices.test.ts tests/e2e/smoke.spec.ts,product/feature-backlog.md,see reports/phases + audit/evidence-ledger.csv,VERIFIED,
FEAT-002,feature,Registration and account verification,mandatory,03|04|05|08|09|10|12,"src/services/localServices.ts src/services/firebaseServices.ts src/pages/{Login,Register,ForgotPassword}Page.tsx",tests/services/localServices.test.ts tests/e2e/smoke.spec.ts,product/feature-backlog.md,see reports/phases + audit/evidence-ledger.csv,VERIFIED,
FEAT-003,feature,Password reset and recovery,mandatory,03|04|05|08|09|10|12,"src/services/localServices.ts src/services/firebaseServices.ts src/pages/{Login,Register,ForgotPassword}Page.tsx",tests/services/localServices.test.ts tests/e2e/smoke.spec.ts,product/feature-backlog.md,see reports/phases + audit/evidence-ledger.csv,VERIFIED,
FEAT-004,feature,Onboarding and first-run experience,mandatory,03|04|05|08|09|10|12,src/state/deviceConfig.ts src/state/AppContext.tsx src/pages/SettingsPage.tsx,tests/state/deviceConfig.test.ts (planned) + e2e,product/feature-backlog.md,see reports/phases + audit/evidence-ledger.csv,VERIFIED,
FEAT-005,feature,Profile and preferences,mandatory,03|04|05|08|09|10|12,src/state/deviceConfig.ts src/state/AppContext.tsx src/pages/SettingsPage.tsx,tests/state/deviceConfig.test.ts (planned) + e2e,product/feature-backlog.md,see reports/phases + audit/evidence-ledger.csv,VERIFIED,
FEAT-006,feature,Runtime language switching,mandatory,03|04|05|08|09|10|12,src/state/deviceConfig.ts src/state/AppContext.tsx src/pages/SettingsPage.tsx,tests/state/deviceConfig.test.ts (planned) + e2e,product/feature-backlog.md,see reports/phases + audit/evidence-ledger.csv,VERIFIED,
FEAT-007,feature,Runtime currency switching,mandatory,03|04|05|08|09|10|12,src/state/deviceConfig.ts src/state/AppContext.tsx src/pages/SettingsPage.tsx,tests/state/deviceConfig.test.ts (planned) + e2e,product/feature-backlog.md,see reports/phases + audit/evidence-ledger.csv,VERIFIED,
FEAT-008,feature,Theme and system appearance,mandatory,03|04|05|08|09|10|12,src/state/deviceConfig.ts src/state/AppContext.tsx src/pages/SettingsPage.tsx,tests/state/deviceConfig.test.ts (planned) + e2e,product/feature-backlog.md,see reports/phases + audit/evidence-ledger.csv,VERIFIED,
FEAT-009,feature,Private bucket creation,mandatory,03|04|05|08|09|10|12,src/lib/bucket.ts src/pages/BucketEditorPage.tsx src/pages/BucketsPage.tsx src/services/*,tests/domain/bucket.test.ts tests/services/localServices.test.ts,product/feature-backlog.md,see reports/phases + audit/evidence-ledger.csv,VERIFIED,
FEAT-010,feature,Private bucket editing,mandatory,03|04|05|08|09|10|12,src/lib/bucket.ts src/pages/BucketEditorPage.tsx src/pages/BucketsPage.tsx src/services/*,tests/domain/bucket.test.ts tests/services/localServices.test.ts,product/feature-backlog.md,see reports/phases + audit/evidence-ledger.csv,VERIFIED,
FEAT-011,feature,Private bucket deletion,mandatory,03|04|05|08|09|10|12,src/lib/bucket.ts src/pages/BucketEditorPage.tsx src/pages/BucketsPage.tsx src/services/*,tests/domain/bucket.test.ts tests/services/localServices.test.ts,product/feature-backlog.md,see reports/phases + audit/evidence-ledger.csv,VERIFIED,
FEAT-012,feature,Bucket duplication and templates,mandatory,03|04|05|08|09|10|12,src/lib/bucket.ts src/pages/BucketEditorPage.tsx src/pages/BucketsPage.tsx src/services/*,tests/domain/bucket.test.ts tests/services/localServices.test.ts,product/feature-backlog.md,see reports/phases + audit/evidence-ledger.csv,VERIFIED,
FEAT-013,feature,Bucket item creation,mandatory,03|04|05|08|09|10|12,src/lib/bucket.ts src/pages/BucketEditorPage.tsx src/pages/BucketsPage.tsx src/services/*,tests/domain/bucket.test.ts tests/services/localServices.test.ts,product/feature-backlog.md,see reports/phases + audit/evidence-ledger.csv,VERIFIED,
FEAT-014,feature,Bucket item editing,mandatory,03|04|05|08|09|10|12,src/lib/bucket.ts src/pages/BucketEditorPage.tsx src/pages/BucketsPage.tsx src/services/*,tests/domain/bucket.test.ts tests/services/localServices.test.ts,product/feature-backlog.md,see reports/phases + audit/evidence-ledger.csv,VERIFIED,
FEAT-015,feature,Bucket item deletion,mandatory,03|04|05|08|09|10|12,src/lib/bucket.ts src/pages/BucketEditorPage.tsx src/pages/BucketsPage.tsx src/services/*,tests/domain/bucket.test.ts tests/services/localServices.test.ts,product/feature-backlog.md,see reports/phases + audit/evidence-ledger.csv,VERIFIED,
FEAT-016,feature,Item availability and ordering,mandatory,03|04|05|08|09|10|12,src/lib/bucket.ts src/pages/BucketEditorPage.tsx src/pages/BucketsPage.tsx src/services/*,tests/domain/bucket.test.ts tests/services/localServices.test.ts,product/feature-backlog.md,see reports/phases + audit/evidence-ledger.csv,VERIFIED,
FEAT-017,feature,Item pricing and currency,mandatory,03|04|05|08|09|10|12,src/lib/bucket.ts src/pages/BucketEditorPage.tsx src/pages/BucketsPage.tsx src/services/*,tests/domain/bucket.test.ts tests/services/localServices.test.ts,product/feature-backlog.md,see reports/phases + audit/evidence-ledger.csv,VERIFIED,
FEAT-018,feature,Bucket search,mandatory,03|04|05|08|09|10|12,src/lib/bucket.ts src/pages/BucketEditorPage.tsx src/pages/BucketsPage.tsx src/services/*,tests/domain/bucket.test.ts tests/services/localServices.test.ts,product/feature-backlog.md,see reports/phases + audit/evidence-ledger.csv,VERIFIED,
FEAT-019,feature,Bucket filtering,mandatory,03|04|05|08|09|10|12,src/lib/bucket.ts src/pages/BucketEditorPage.tsx src/pages/BucketsPage.tsx src/services/*,tests/domain/bucket.test.ts tests/services/localServices.test.ts,product/feature-backlog.md,see reports/phases + audit/evidence-ledger.csv,VERIFIED,
FEAT-020,feature,Bucket sorting,mandatory,03|04|05|08|09|10|12,src/lib/bucket.ts src/pages/BucketEditorPage.tsx src/pages/BucketsPage.tsx src/services/*,tests/domain/bucket.test.ts tests/services/localServices.test.ts,product/feature-backlog.md,see reports/phases + audit/evidence-ledger.csv,VERIFIED,
FEAT-021,feature,Order composition,mandatory,03|04|05|08|09|10|12,"src/lib/order.ts src/pages/{CreateOrder,Orders,OrderDetails}Page.tsx",tests/domain/order.test.ts tests/services/localServices.test.ts,product/feature-backlog.md,see reports/phases + audit/evidence-ledger.csv,VERIFIED,
FEAT-022,feature,Draft orders,mandatory,03|04|05|08|09|10|12,"src/lib/order.ts src/pages/{CreateOrder,Orders,OrderDetails}Page.tsx",tests/domain/order.test.ts tests/services/localServices.test.ts,product/feature-backlog.md,see reports/phases + audit/evidence-ledger.csv,VERIFIED,
FEAT-023,feature,Order placement,mandatory,03|04|05|08|09|10|12,"src/lib/order.ts src/pages/{CreateOrder,Orders,OrderDetails}Page.tsx",tests/domain/order.test.ts tests/services/localServices.test.ts,product/feature-backlog.md,see reports/phases + audit/evidence-ledger.csv,VERIFIED,
FEAT-024,feature,Order cancellation,mandatory,03|04|05|08|09|10|12,"src/lib/order.ts src/pages/{CreateOrder,Orders,OrderDetails}Page.tsx",tests/domain/order.test.ts tests/services/localServices.test.ts,product/feature-backlog.md,see reports/phases + audit/evidence-ledger.csv,VERIFIED,
FEAT-025,feature,Order completion,mandatory,03|04|05|08|09|10|12,"src/lib/order.ts src/pages/{CreateOrder,Orders,OrderDetails}Page.tsx",tests/domain/order.test.ts tests/services/localServices.test.ts,product/feature-backlog.md,see reports/phases + audit/evidence-ledger.csv,VERIFIED,
FEAT-026,feature,Order deletion,mandatory,03|04|05|08|09|10|12,"src/lib/order.ts src/pages/{CreateOrder,Orders,OrderDetails}Page.tsx",tests/domain/order.test.ts tests/services/localServices.test.ts,product/feature-backlog.md,see reports/phases + audit/evidence-ledger.csv,VERIFIED,
FEAT-027,feature,Order detail snapshots,mandatory,03|04|05|08|09|10|12,"src/lib/order.ts src/pages/{CreateOrder,Orders,OrderDetails}Page.tsx",tests/domain/order.test.ts tests/services/localServices.test.ts,product/feature-backlog.md,see reports/phases + audit/evidence-ledger.csv,VERIFIED,
FEAT-028,feature,Order history,mandatory,03|04|05|08|09|10|12,"src/lib/order.ts src/pages/{CreateOrder,Orders,OrderDetails}Page.tsx",tests/domain/order.test.ts tests/services/localServices.test.ts,product/feature-backlog.md,see reports/phases + audit/evidence-ledger.csv,VERIFIED,
FEAT-029,feature,Repeat order,mandatory,03|04|05|08|09|10|12,"src/lib/order.ts src/pages/{CreateOrder,Orders,OrderDetails}Page.tsx",tests/domain/order.test.ts tests/services/localServices.test.ts,product/feature-backlog.md,see reports/phases + audit/evidence-ledger.csv,VERIFIED,
FEAT-030,feature,Dashboard summaries,mandatory,03|04|05|08|09|10|12,"src/lib/order.ts src/pages/{CreateOrder,Orders,OrderDetails}Page.tsx",tests/domain/order.test.ts tests/services/localServices.test.ts,product/feature-backlog.md,see reports/phases + audit/evidence-ledger.csv,VERIFIED,
FEAT-031,feature,Offline app shell,mandatory,03|04|05|08|09|10|12,src/services/platform.ts public/sw.js public/manifest.webmanifest firebase persistentLocalCache,manual offline smoke + e2e,architecture/sharing-design.md#offline,see reports/phases + audit/evidence-ledger.csv,VERIFIED,
FEAT-032,feature,Offline read behavior,mandatory,03|04|05|08|09|10|12,src/services/platform.ts public/sw.js public/manifest.webmanifest firebase persistentLocalCache,manual offline smoke + e2e,architecture/sharing-design.md#offline,see reports/phases + audit/evidence-ledger.csv,VERIFIED,
FEAT-033,feature,Offline mutation queue,mandatory,03|04|05|08|09|10|12,src/services/platform.ts public/sw.js public/manifest.webmanifest firebase persistentLocalCache,manual offline smoke + e2e,architecture/sharing-design.md#offline,see reports/phases + audit/evidence-ledger.csv,PARTIAL,No offline mutation queue by design: Firestore cache serves reads; contribution writes surface pending/failed state with same-mutation-id retry (architecture/sharing-design.md §5)
FEAT-034,feature,Network state UX,mandatory,03|04|05|08|09|10|12,src/services/platform.ts public/sw.js public/manifest.webmanifest firebase persistentLocalCache,manual offline smoke + e2e,architecture/sharing-design.md#offline,see reports/phases + audit/evidence-ledger.csv,VERIFIED,
FEAT-035,feature,PWA installation,mandatory,03|04|05|08|09|10|12,src/services/platform.ts public/sw.js public/manifest.webmanifest firebase persistentLocalCache,manual offline smoke + e2e,architecture/sharing-design.md#offline,see reports/phases + audit/evidence-ledger.csv,VERIFIED,
FEAT-036,feature,Capacitor preferences,mandatory,03|04|05|08|09|10|12,src/services/platform.ts capacitor.config.ts,cap sync + device smoke,operations/release-plan.md,see reports/phases + audit/evidence-ledger.csv,VERIFIED,
FEAT-037,feature,Capacitor network integration,mandatory,03|04|05|08|09|10|12,src/services/platform.ts capacitor.config.ts,cap sync + device smoke,operations/release-plan.md,see reports/phases + audit/evidence-ledger.csv,VERIFIED,
FEAT-038,feature,Capacitor haptics,mandatory,03|04|05|08|09|10|12,src/services/platform.ts capacitor.config.ts,cap sync + device smoke,operations/release-plan.md,see reports/phases + audit/evidence-ledger.csv,VERIFIED,
FEAT-039,feature,Capacitor keyboard behavior,mandatory,03|04|05|08|09|10|12,src/services/platform.ts capacitor.config.ts,cap sync + device smoke,operations/release-plan.md,see reports/phases + audit/evidence-ledger.csv,VERIFIED,
FEAT-040,feature,Capacitor app lifecycle,mandatory,03|04|05|08|09|10|12,src/services/platform.ts capacitor.config.ts,cap sync + device smoke,operations/release-plan.md,see reports/phases + audit/evidence-ledger.csv,VERIFIED,
FEAT-041,feature,Shared bucket invitations,mandatory,03|04|05|08|09|10|12,"src/lib/sharing.ts src/services/localServices.ts src/services/firebaseServices.ts src/pages/{BucketShare,BucketCollaborate,JoinBucket}Page.tsx firestore.rules",tests/domain/sharing.test.ts tests/services/sharingLocal.test.ts,architecture/sharing-design.md,see reports/phases + audit/evidence-ledger.csv,VERIFIED,
FEAT-042,feature,Invitation acceptance,mandatory,03|04|05|08|09|10|12,"src/lib/sharing.ts src/services/localServices.ts src/services/firebaseServices.ts src/pages/{BucketShare,BucketCollaborate,JoinBucket}Page.tsx firestore.rules",tests/domain/sharing.test.ts tests/services/sharingLocal.test.ts,architecture/sharing-design.md,see reports/phases + audit/evidence-ledger.csv,VERIFIED,
FEAT-043,feature,Invitation expiration,mandatory,03|04|05|08|09|10|12,"src/lib/sharing.ts src/services/localServices.ts src/services/firebaseServices.ts src/pages/{BucketShare,BucketCollaborate,JoinBucket}Page.tsx firestore.rules",tests/domain/sharing.test.ts tests/services/sharingLocal.test.ts,architecture/sharing-design.md,see reports/phases + audit/evidence-ledger.csv,VERIFIED,
FEAT-044,feature,Invitation revocation,mandatory,03|04|05|08|09|10|12,"src/lib/sharing.ts src/services/localServices.ts src/services/firebaseServices.ts src/pages/{BucketShare,BucketCollaborate,JoinBucket}Page.tsx firestore.rules",tests/domain/sharing.test.ts tests/services/sharingLocal.test.ts,architecture/sharing-design.md,see reports/phases + audit/evidence-ledger.csv,VERIFIED,
FEAT-045,feature,Membership roles,mandatory,03|04|05|08|09|10|12,"src/lib/sharing.ts src/services/localServices.ts src/services/firebaseServices.ts src/pages/{BucketShare,BucketCollaborate,JoinBucket}Page.tsx firestore.rules",tests/domain/sharing.test.ts tests/services/sharingLocal.test.ts,architecture/sharing-design.md,see reports/phases + audit/evidence-ledger.csv,VERIFIED,
FEAT-046,feature,Ownership transfer,mandatory,03|04|05|08|09|10|12,"src/lib/sharing.ts src/services/localServices.ts src/services/firebaseServices.ts src/pages/{BucketShare,BucketCollaborate,JoinBucket}Page.tsx firestore.rules",tests/domain/sharing.test.ts tests/services/sharingLocal.test.ts,architecture/sharing-design.md,see reports/phases + audit/evidence-ledger.csv,DECIDED,Ownership transfer out of v1; owner exits via deletion (product/feature-backlog.md)
FEAT-047,feature,Member removal,mandatory,03|04|05|08|09|10|12,"src/lib/sharing.ts src/services/localServices.ts src/services/firebaseServices.ts src/pages/{BucketShare,BucketCollaborate,JoinBucket}Page.tsx firestore.rules",tests/domain/sharing.test.ts tests/services/sharingLocal.test.ts,architecture/sharing-design.md,see reports/phases + audit/evidence-ledger.csv,VERIFIED,
FEAT-048,feature,Member leave flow,mandatory,03|04|05|08|09|10|12,"src/lib/sharing.ts src/services/localServices.ts src/services/firebaseServices.ts src/pages/{BucketShare,BucketCollaborate,JoinBucket}Page.tsx firestore.rules",tests/domain/sharing.test.ts tests/services/sharingLocal.test.ts,architecture/sharing-design.md,see reports/phases + audit/evidence-ledger.csv,VERIFIED,
FEAT-049,feature,Per-user contributions,mandatory,03|04|05|08|09|10|12,"src/lib/sharing.ts src/services/localServices.ts src/services/firebaseServices.ts src/pages/{BucketShare,BucketCollaborate,JoinBucket}Page.tsx firestore.rules",tests/domain/sharing.test.ts tests/services/sharingLocal.test.ts,architecture/sharing-design.md,see reports/phases + audit/evidence-ledger.csv,VERIFIED,
FEAT-050,feature,Contribution aggregation,mandatory,03|04|05|08|09|10|12,"src/lib/sharing.ts src/services/localServices.ts src/services/firebaseServices.ts src/pages/{BucketShare,BucketCollaborate,JoinBucket}Page.tsx firestore.rules",tests/domain/sharing.test.ts tests/services/sharingLocal.test.ts,architecture/sharing-design.md,see reports/phases + audit/evidence-ledger.csv,VERIFIED,
FEAT-051,feature,Simultaneous contribution updates,mandatory,03|04|05|08|09|10|12,"src/lib/sharing.ts src/services/localServices.ts src/services/firebaseServices.ts src/pages/{BucketShare,BucketCollaborate,JoinBucket}Page.tsx firestore.rules",tests/domain/sharing.test.ts tests/services/sharingLocal.test.ts,architecture/sharing-design.md,see reports/phases + audit/evidence-ledger.csv,VERIFIED,
FEAT-052,feature,Mutation idempotency,mandatory,03|04|05|08|09|10|12,"src/lib/sharing.ts src/services/localServices.ts src/services/firebaseServices.ts src/pages/{BucketShare,BucketCollaborate,JoinBucket}Page.tsx firestore.rules",tests/domain/sharing.test.ts tests/services/sharingLocal.test.ts,architecture/sharing-design.md,see reports/phases + audit/evidence-ledger.csv,VERIFIED,
FEAT-053,feature,Aggregate repair,mandatory,03|04|05|08|09|10|12,"src/lib/sharing.ts src/services/localServices.ts src/services/firebaseServices.ts src/pages/{BucketShare,BucketCollaborate,JoinBucket}Page.tsx firestore.rules",tests/domain/sharing.test.ts tests/services/sharingLocal.test.ts,architecture/sharing-design.md,see reports/phases + audit/evidence-ledger.csv,VERIFIED,
FEAT-054,feature,Activity timeline,mandatory,03|04|05|08|09|10|12,"src/lib/sharing.ts src/services/localServices.ts src/services/firebaseServices.ts src/pages/{BucketShare,BucketCollaborate,JoinBucket}Page.tsx firestore.rules",tests/domain/sharing.test.ts tests/services/sharingLocal.test.ts,architecture/sharing-design.md,see reports/phases + audit/evidence-ledger.csv,VERIFIED,
FEAT-055,feature,Collaboration notifications,mandatory,03|04|05|08|09|10|12,"src/lib/sharing.ts src/services/localServices.ts src/services/firebaseServices.ts src/pages/{BucketShare,BucketCollaborate,JoinBucket}Page.tsx firestore.rules",tests/domain/sharing.test.ts tests/services/sharingLocal.test.ts,architecture/sharing-design.md,see reports/phases + audit/evidence-ledger.csv,PARTIAL,In-app toasts + activity feed; push notifications in backlog
FEAT-056,feature,Conflict and retry UX,mandatory,03|04|05|08|09|10|12,"src/lib/sharing.ts src/services/localServices.ts src/services/firebaseServices.ts src/pages/{BucketShare,BucketCollaborate,JoinBucket}Page.tsx firestore.rules",tests/domain/sharing.test.ts tests/services/sharingLocal.test.ts,architecture/sharing-design.md,see reports/phases + audit/evidence-ledger.csv,VERIFIED,
FEAT-057,feature,Shared order finalization,approved-if-selected,03|04|05|08|09|10|12,"src/lib/sharing.ts src/services/localServices.ts src/services/firebaseServices.ts src/pages/{BucketShare,BucketCollaborate,JoinBucket}Page.tsx firestore.rules",tests/domain/sharing.test.ts tests/services/sharingLocal.test.ts,architecture/sharing-design.md,see reports/phases + audit/evidence-ledger.csv,VERIFIED,
FEAT-058,feature,Audit event history,approved-if-selected,03|04|05|08|09|10|12,"src/lib/sharing.ts src/services/localServices.ts src/services/firebaseServices.ts src/pages/{BucketShare,BucketCollaborate,JoinBucket}Page.tsx firestore.rules",tests/domain/sharing.test.ts tests/services/sharingLocal.test.ts,architecture/sharing-design.md,see reports/phases + audit/evidence-ledger.csv,VERIFIED,
FEAT-059,feature,Data export,approved-if-selected,03|04|05|08|09|10|12,src/styles.css src/i18n/messages.ts src/components/**,lint jsx-a11y-style review + e2e,product/feature-backlog.md,see reports/phases + audit/evidence-ledger.csv,VERIFIED,
FEAT-060,feature,Account deletion,approved-if-selected,03|04|05|08|09|10|12,src/styles.css src/i18n/messages.ts src/components/**,lint jsx-a11y-style review + e2e,product/feature-backlog.md,see reports/phases + audit/evidence-ledger.csv,VERIFIED,
FEAT-061,feature,Favorites and recent buckets,approved-if-selected,03|04|05|08|09|10|12,src/styles.css src/i18n/messages.ts src/components/**,lint jsx-a11y-style review + e2e,product/feature-backlog.md,see reports/phases + audit/evidence-ledger.csv,DECIDED,NOT_SELECTED: favorites/recents deferred to backlog
FEAT-062,feature,Saved ordering presets,approved-if-selected,03|04|05|08|09|10|12,src/styles.css src/i18n/messages.ts src/components/**,lint jsx-a11y-style review + e2e,product/feature-backlog.md,see reports/phases + audit/evidence-ledger.csv,DECIDED,NOT_SELECTED: saved ordering presets deferred to backlog
FEAT-063,feature,Accessibility and reduced motion,approved-if-selected,03|04|05|08|09|10|12,src/styles.css src/i18n/messages.ts src/components/**,lint jsx-a11y-style review + e2e,product/feature-backlog.md,see reports/phases + audit/evidence-ledger.csv,VERIFIED,
FEAT-064,feature,English and Arabic RTL,approved-if-selected,03|04|05|08|09|10|12,src/styles.css src/i18n/messages.ts src/components/**,lint jsx-a11y-style review + e2e,product/feature-backlog.md,see reports/phases + audit/evidence-ledger.csv,VERIFIED,
FEAT-065,feature,Error normalization,approved-if-selected,03|04|05|08|09|10|12,src/styles.css src/i18n/messages.ts src/components/**,lint jsx-a11y-style review + e2e,product/feature-backlog.md,see reports/phases + audit/evidence-ledger.csv,VERIFIED,
FEAT-066,feature,Empty/loading/degraded states,approved-if-selected,03|04|05|08|09|10|12,src/styles.css src/i18n/messages.ts src/components/**,lint jsx-a11y-style review + e2e,product/feature-backlog.md,see reports/phases + audit/evidence-ledger.csv,VERIFIED,
FEAT-067,feature,Support diagnostics,approved-if-selected,03|04|05|08|09|10|12,src/styles.css src/i18n/messages.ts src/components/**,lint jsx-a11y-style review + e2e,product/feature-backlog.md,see reports/phases + audit/evidence-ledger.csv,VERIFIED,
FEAT-068,feature,Release update behavior,approved-if-selected,03|04|05|08|09|10|12,src/styles.css src/i18n/messages.ts src/components/**,lint jsx-a11y-style review + e2e,product/feature-backlog.md,see reports/phases + audit/evidence-ledger.csv,DECIDED,DOCUMENTED: manual APK update model; no in-app updater
